Warehouse_Alpha,49.0275,24.3562
Delivery_Hub_4,48.9496,24.5501
Delivery_Hub_1,48.9226,24.7111
Delivery_Hub_11,48.7182,24.4108
Delivery_Hub_7,48.6208,24.2355
Delivery_Hub_16,48.4419,24.5532
Delivery_Hub_27,48.4901,24.7214
Delivery_Hub_17,48.6315,24.8422
Delivery_Hub_2,48.5584,25.0382
Delivery_Hub_26,48.7512,25.2413
Delivery_Hub_22,48.9811,25.1843
Delivery_Hub_15,49.1128,25.3214
Delivery_Hub_23,49.1984,25.6912
Delivery_Hub_6,49.5489,25.6045
Delivery_Hub_24,49.6821,25.4311
Delivery_Hub_18,49.3421,25.129
Delivery_Hub_9,49.2251,24.9573
Delivery_Hub_8,49.0712,24.7164
Delivery_Hub_10,49.4105,24.6122
Delivery_Hub_28,49.5714,24.2105
Delivery_Hub_14,49.6641,24.3129
Delivery_Hub_19,49.7812,24.6314
Delivery_Hub_5,49.8397,24.0297
Delivery_Hub_20,49.9142,23.5611
Delivery_Hub_21,49.2814,23.5042
Delivery_Hub_25,49.3904,23.7115
Delivery_Hub_13,49.5212,23.9744
Delivery_Hub_3,49.2443,24.2154
Delivery_Hub_29,49.0521,24.1142
Delivery_Hub_12,48.9133,23.9451
Warehouse_Alpha,49.0275,24.3562
